{"cameraMode":{"drawMode":0,"name":"Shaded","section":"Shading Mode"},"sceneLighting":true,"audioPlay":false,"sceneViewState":{"showFog":true,"showMaterialUpdate":true,"showSkybox":true,"showFlares":true,"showImageEffects":true,"showParticleSystems":true},"in2DMode":false,"pivot":{"x":536.5894165039063,"y":245.18312072753907,"z":64.04645538330078},"rotation":{"x":0.316056489944458,"y":0.018533138558268548,"z":-0.006184764206409454,"w":0.9486196637153626},"size":1021.5137329101563,"orthographic":false}