{"cameraMode":{"drawMode":0,"name":"Shaded","section":"Shading Mode"},"sceneLighting":false,"audioPlay":false,"sceneViewState":{"showFog":true,"showMaterialUpdate":false,"showSkybox":false,"showFlares":true,"showImageEffects":true,"showParticleSystems":true},"in2DMode":false,"pivot":{"x":19.095109939575197,"y":2.439368724822998,"z":-13.327814102172852},"rotation":{"x":-0.11357587575912476,"y":0.8809865713119507,"z":-0.26848140358924868,"w":-0.3726821541786194},"size":1.1196177005767823,"orthographic":false}