{"cameraMode":{"drawMode":0,"name":"Shaded","section":"Shading Mode"},"sceneLighting":true,"audioPlay":false,"sceneViewState":{"showFog":true,"showMaterialUpdate":true,"showSkybox":true,"showFlares":true,"showImageEffects":true,"showParticleSystems":true},"in2DMode":false,"pivot":{"x":7.588749885559082,"y":5.26246976852417,"z":62.30275344848633},"rotation":{"x":0.006598518230021,"y":0.5794573426246643,"z":-0.004712351597845554,"w":0.8150466084480286},"size":9.45175838470459,"orthographic":false}