{"cameraMode":{"drawMode":0,"name":"Shaded","section":"Shading Mode"},"sceneLighting":false,"audioPlay":false,"sceneViewState":{"showFog":true,"showMaterialUpdate":true,"showSkybox":false,"showFlares":true,"showImageEffects":true,"showParticleSystems":true},"in2DMode":false,"pivot":{"x":-45.21613693237305,"y":-5.188680648803711,"z":-18.126537322998048},"rotation":{"x":0.37374863028526308,"y":0.019483504816889764,"z":-0.007935184054076672,"w":0.9273700714111328},"size":62.82345199584961,"orthographic":false}