{"cameraMode":{"drawMode":0,"name":"Shaded","section":"Shading Mode"},"sceneLighting":false,"audioPlay":false,"sceneViewState":{"showFog":true,"showMaterialUpdate":true,"showSkybox":false,"showFlares":true,"showImageEffects":true,"showParticleSystems":true},"in2DMode":false,"pivot":{"x":2.668764114379883,"y":1.3882876634597779,"z":3.4874982833862306},"rotation":{"x":0.2915807068347931,"y":-0.19060666859149934,"z":0.05933171883225441,"w":0.9355626106262207},"size":3.846759080886841,"orthographic":false}